-- phpMyAdmin SQL Dump
-- version 4.7.4
-- https://www.phpmyadmin.net/
--
-- Hôte : 127.0.0.1
-- Généré le :  lun. 03 sep. 2018 à 21:31
-- Version du serveur :  10.1.28-MariaDB
-- Version de PHP :  7.1.11

SET SQL_MODE = "NO_AUTO_VALUE_ON_ZERO";
SET AUTOCOMMIT = 0;
START TRANSACTION;
SET time_zone = "+00:00";


/*!40101 SET @OLD_CHARACTER_SET_CLIENT=@@CHARACTER_SET_CLIENT */;
/*!40101 SET @OLD_CHARACTER_SET_RESULTS=@@CHARACTER_SET_RESULTS */;
/*!40101 SET @OLD_COLLATION_CONNECTION=@@COLLATION_CONNECTION */;
/*!40101 SET NAMES utf8mb4 */;

--
-- Base de données :  `mariage`
--

-- --------------------------------------------------------

--
-- Structure de la table `invites`
--

CREATE TABLE `invites` (
  `id_invite` int(11) NOT NULL,
  `prenom` varchar(255) NOT NULL,
  `nom` varchar(255) NOT NULL
) ENGINE=InnoDB DEFAULT CHARSET=utf8;

--
-- Déchargement des données de la table `invites`
--

INSERT INTO `invites` (`id_invite`, `prenom`, `nom`) VALUES
(1, 'mickael', 'regent'),
(2, 'jennifer', 'regent'),
(3, 'veronique', 'regent'),
(4, 'jean', 'regent'),
(5, 'lynda', 'morancy'),
(6, 'fabrice', 'morancy'),
(7, 'kevin', 'regent'),
(8, 'lucie', 'loiseau'),
(9, 'michael', 'pasdeloup'),
(10, 'elodie', 'leprince'),
(11, 'samantha', 'pasdeloup'),
(12, 'kevin', 'poitout'),
(13, 'beatrice', 'pasdeloup'),
(14, 'patrick', 'pasdeloup'),
(15, 'monique', 'morancy'),
(16, 'francis', 'morancy'),
(17, 'stephane', 'rosiere'),
(18, 'francoise', 'leprince'),
(19, 'babcia', 'pietrzack'),
(20, 'dziadzia', 'pietrzack'),
(21, 'albert', 'pietrzack'),
(22, 'sylvie', 'pietrzack'),
(23, 'josette', 'brodginni'),
(24, 'laurent', 'brodginni'),
(25, 'agathe', 'brodginni'),
(26, 'christophe', 'brodginni'),
(27, 'jacqueline', ''),
(28, 'alain', 'regent'),
(29, 'veronique', 'chantepie'),
(30, 'lydie', 'baba'),
(31, 'audrey', 'baba'),
(32, 'chrystelle', 'baba'),
(33, 'florence', 'patient'),
(34, 'typhaine', 'patient'),
(35, 'daniel', 'patient'),
(36, 'aurelien', 'patient'),
(37, 'yvonne', 'bazin'),
(38, 'lucie', 'regent'),
(39, 'muriel', 'bazin'),
(40, 'mateo', 'bazin'),
(41, 'lucas', 'bazin'),
(42, 'remi', 'bazin'),
(43, 'jean', 'disderot'),
(44, 'marie-blanche', 'disderot'),
(45, 'patrice', ''),
(46, 'martine', ''),
(47, 'soha', 'morancy'),
(48, 'lyse', 'morancy'),
(49, 'thomas', 'brodginni'),
(50, 'emeline', 'brodginni'),
(51, 'connor', 'brodginni'),
(52, 'colin', 'brodginni'),
(53, 'mathis', 'pasdeloup'),
(54, 'emile', 'bergeron'),
(55, 'annie', 'bergeron'),
(56, 'vincent', 'joly'),
(57, 'jessica', 'joly'),
(58, 'charline', 'videau'),
(59, 'sebastien', ''),
(60, 'julien', 'chauvet'),
(61, 'shirley', ''),
(62, 'nicolas', 'dubey'),
(63, 'lea', ''),
(64, 'remi', 'gaiffe'),
(65, 'alice', ''),
(66, 'julien', 'pautot'),
(67, 'antoine', 'thebault'),
(68, 'anthony', 'correia'),
(69, 'juliette', ''),
(70, 'kevin', 'brulin'),
(71, 'kevin', 'caillerez'),
(72, 'anne-sophie', ''),
(73, 'melanie', ''),
(74, 'laetitia', ''),
(75, 'morgan', 'lejeune'),
(76, 'jeremy', ''),
(77, 'julia', ''),
(78, 'clement', ''),
(79, 'monique', 'pasdeloup'),
(80, 'ginette', 'pestouri'),
(81, 'christine', 'pasdeloup'),
(82, 'stephane', 'ferrand'),
(83, 'jean-guy', 'collura'),
(84, 'kevin', 'cessac'),
(85, 'sylvie', ''),
(86, 'patricia', ''),
(87, 'eric', ''),
(88, 'Elga', ''),
(89, 'emeric', ''),
(90, 'mateo', '');

-- --------------------------------------------------------

--
-- Structure de la table `invite_photo`
--

CREATE TABLE `invite_photo` (
  `id_association` int(11) NOT NULL,
  `id_invite` int(11) NOT NULL,
  `id_photo` int(11) NOT NULL
) ENGINE=InnoDB DEFAULT CHARSET=utf8;

--
-- Déchargement des données de la table `invite_photo`
--

INSERT INTO `invite_photo` (`id_association`, `id_invite`, `id_photo`) VALUES
(1, 1, 1),
(2, 2, 1),
(3, 1, 2),
(4, 2, 2),
(5, 10, 3),
(6, 2, 4),
(7, 2, 5),
(8, 10, 6),
(9, 10, 7),
(10, 2, 8),
(11, 11, 9),
(12, 2, 10),
(13, 2, 11),
(14, 10, 12),
(15, 13, 13),
(16, 19, 14),
(17, 10, 14),
(18, 2, 15),
(19, 13, 16),
(20, 2, 17),
(21, 10, 18),
(22, 13, 19),
(23, 10, 20),
(24, 13, 21),
(25, 13, 22),
(26, 11, 23),
(27, 19, 24),
(28, 2, 25),
(29, 2, 26),
(30, 19, 27),
(31, 2, 28),
(32, 2, 29),
(33, 2, 30),
(34, 2, 31),
(35, 13, 31),
(36, 2, 32),
(37, 5, 34),
(38, 8, 34),
(39, 16, 34),
(40, 34, 34),
(41, 4, 36),
(42, 5, 36),
(43, 7, 36),
(44, 20, 36),
(45, 19, 36),
(46, 58, 36),
(47, 17, 37),
(48, 18, 37),
(49, 53, 37),
(50, 8, 38),
(51, 11, 38),
(52, 11, 39),
(53, 12, 40),
(54, 9, 41),
(55, 10, 41),
(56, 1, 42),
(57, 3, 42),
(58, 4, 43),
(59, 10, 43),
(60, 9, 43),
(61, 13, 43),
(62, 2, 44),
(63, 14, 44),
(64, 11, 44),
(65, 2, 45),
(66, 14, 45),
(67, 11, 45),
(68, 1, 46),
(69, 9, 46),
(70, 11, 46),
(71, 76, 48),
(72, 64, 48),
(73, 65, 48),
(74, 66, 48),
(75, 62, 48),
(76, 43, 48),
(77, 83, 48),
(78, 59, 48),
(79, 67, 48),
(80, 6, 49),
(81, 3, 49),
(82, 4, 49),
(83, 13, 49),
(84, 37, 49),
(85, 21, 49),
(86, 22, 49),
(87, 17, 49),
(88, 2, 50),
(89, 14, 50),
(90, 70, 50),
(91, 40, 50),
(92, 41, 50),
(93, 42, 50),
(94, 83, 50),
(95, 35, 50),
(96, 27, 50),
(97, 86, 50),
(98, 2, 51),
(99, 14, 51),
(100, 54, 51),
(101, 83, 51),
(102, 40, 51),
(103, 42, 51),
(104, 1, 52),
(105, 2, 52),
(106, 58, 52),
(107, 9, 52),
(108, 1, 54),
(109, 2, 54),
(110, 14, 56),
(111, 1, 57),
(112, 2, 57),
(113, 1, 58),
(114, 2, 58),
(115, 1, 59),
(116, 2, 59),
(117, 1, 60),
(118, 2, 60),
(119, 1, 61),
(120, 2, 61),
(121, 13, 61),
(122, 3, 61),
(123, 1, 62),
(124, 2, 62),
(125, 13, 62),
(126, 3, 62),
(127, 5, 62),
(128, 1, 63),
(129, 2, 63),
(130, 16, 63),
(131, 2, 64),
(132, 58, 64),
(133, 1, 65),
(134, 2, 65),
(135, 58, 65),
(136, 9, 66),
(137, 11, 66),
(138, 58, 66),
(139, 9, 67),
(140, 11, 67),
(141, 58, 67),
(142, 84, 68),
(143, 84, 69),
(144, 1, 71),
(145, 2, 71),
(146, 1, 72),
(147, 2, 72),
(148, 47, 73),
(149, 48, 73),
(150, 1, 74),
(151, 3, 74),
(152, 5, 75),
(153, 48, 75),
(154, 47, 75),
(155, 7, 75),
(156, 7, 76),
(157, 8, 76),
(158, 2, 77),
(159, 14, 77),
(160, 2, 78),
(161, 14, 78),
(162, 47, 79),
(163, 48, 79),
(164, 38, 80),
(165, 37, 80),
(166, 7, 81),
(167, 8, 81),
(168, 67, 81),
(169, 44, 81),
(170, 4, 82),
(171, 13, 82),
(172, 67, 82),
(173, 44, 82),
(174, 9, 83),
(175, 10, 83),
(176, 44, 83),
(177, 67, 83),
(178, 11, 84),
(179, 12, 84),
(180, 2, 85),
(181, 14, 85),
(182, 40, 85),
(183, 2, 86),
(184, 14, 86),
(185, 31, 86),
(186, 1, 87),
(187, 2, 87),
(188, 2, 88),
(189, 48, 88),
(190, 1, 89),
(191, 2, 89),
(192, 48, 89),
(193, 2, 90),
(194, 1, 91),
(195, 6, 92),
(196, 47, 92),
(197, 47, 93),
(198, 3, 94),
(199, 4, 94),
(200, 4, 100),
(201, 6, 100),
(202, 4, 101),
(203, 3, 101),
(204, 6, 101),
(205, 1, 102),
(206, 3, 102),
(207, 6, 102),
(208, 47, 102),
(209, 48, 102),
(210, 1, 103),
(211, 4, 103),
(212, 6, 103),
(213, 47, 103),
(214, 48, 103),
(215, 3, 104),
(216, 33, 104),
(217, 34, 104);

-- --------------------------------------------------------

--
-- Structure de la table `photos`
--

CREATE TABLE `photos` (
  `id_photo` int(11) NOT NULL,
  `url` varchar(255) NOT NULL,
  `prise_par` enum('invites','charline') NOT NULL,
  `categorie` enum('mairie','vin_honneur','salle') NOT NULL,
  `statut` enum('not_tagged','tagged') NOT NULL
) ENGINE=InnoDB DEFAULT CHARSET=utf8;

--
-- Déchargement des données de la table `photos`
--

INSERT INTO `photos` (`id_photo`, `url`, `prise_par`, `categorie`, `statut`) VALUES
(1, 'mariage/mairie/20180728_164853.jpg', 'invites', 'mairie', 'tagged'),
(2, 'mariage/mairie/37925098_485312818546728_8010230542387642368_n.jpg', 'invites', 'mairie', 'tagged'),
(3, 'mariage/mairie/DSC01587.JPG', 'invites', 'mairie', 'tagged'),
(4, 'mariage/mairie/DSC01591.JPG', 'invites', 'mairie', 'tagged'),
(5, 'mariage/mairie/DSC01595.JPG', 'invites', 'mairie', 'tagged'),
(6, 'mariage/mairie/DSC01599.JPG', 'invites', 'mairie', 'tagged'),
(7, 'mariage/mairie/DSC01600.JPG', 'invites', 'mairie', 'tagged'),
(8, 'mariage/mairie/DSC01601.JPG', 'invites', 'mairie', 'tagged'),
(9, 'mariage/mairie/DSC01610.JPG', 'invites', 'mairie', 'tagged'),
(10, 'mariage/mairie/DSC01615.JPG', 'invites', 'mairie', 'tagged'),
(11, 'mariage/mairie/DSC01616.JPG', 'invites', 'mairie', 'tagged'),
(12, 'mariage/mairie/DSC01621.JPG', 'invites', 'mairie', 'tagged'),
(13, 'mariage/mairie/DSC01624.JPG', 'invites', 'mairie', 'tagged'),
(14, 'mariage/mairie/DSC01627.JPG', 'invites', 'mairie', 'tagged'),
(15, 'mariage/mairie/DSC01628.JPG', 'invites', 'mairie', 'tagged'),
(16, 'mariage/mairie/DSC01630.JPG', 'invites', 'mairie', 'tagged'),
(17, 'mariage/mairie/DSC01632.JPG', 'invites', 'mairie', 'tagged'),
(18, 'mariage/mairie/DSC01637.JPG', 'invites', 'mairie', 'tagged'),
(19, 'mariage/mairie/DSC01643.JPG', 'invites', 'mairie', 'tagged'),
(20, 'mariage/mairie/DSC01647.JPG', 'invites', 'mairie', 'tagged'),
(21, 'mariage/mairie/DSC01650.JPG', 'invites', 'mairie', 'tagged'),
(22, 'mariage/mairie/DSC01651.JPG', 'invites', 'mairie', 'tagged'),
(23, 'mariage/mairie/DSC01661.JPG', 'invites', 'mairie', 'tagged'),
(24, 'mariage/mairie/DSC01662.JPG', 'invites', 'mairie', 'tagged'),
(25, 'mariage/mairie/DSC01664.JPG', 'invites', 'mairie', 'tagged'),
(26, 'mariage/mairie/DSC01666.JPG', 'invites', 'mairie', 'tagged'),
(27, 'mariage/mairie/DSC01668.JPG', 'invites', 'mairie', 'tagged'),
(28, 'mariage/mairie/DSC01676.JPG', 'invites', 'mairie', 'tagged'),
(29, 'mariage/mairie/DSC01677.JPG', 'invites', 'mairie', 'tagged'),
(30, 'mariage/mairie/DSC01685.JPG', 'invites', 'mairie', 'tagged'),
(31, 'mariage/mairie/DSC01688.JPG', 'invites', 'mairie', 'tagged'),
(32, 'mariage/mairie/DSC01691.JPG', 'invites', 'mairie', 'tagged'),
(33, 'mariage/mairie/DSC01695.JPG', 'invites', 'mairie', 'tagged'),
(34, 'mariage/mairie/DSC01698.JPG', 'invites', 'mairie', 'tagged'),
(35, 'mariage/mairie/DSC01700.JPG', 'invites', 'mairie', 'tagged'),
(36, 'mariage/mairie/DSC01701.JPG', 'invites', 'mairie', 'tagged'),
(37, 'mariage/mairie/DSC01710.JPG', 'invites', 'mairie', 'tagged'),
(38, 'mariage/mairie/DSC01711.JPG', 'invites', 'mairie', 'tagged'),
(39, 'mariage/mairie/DSC01713.JPG', 'invites', 'mairie', 'tagged'),
(40, 'mariage/mairie/DSC01716.JPG', 'invites', 'mairie', 'tagged'),
(41, 'mariage/mairie/DSC01721.JPG', 'invites', 'mairie', 'tagged'),
(42, 'mariage/mairie/DSC01723.JPG', 'invites', 'mairie', 'tagged'),
(43, 'mariage/mairie/DSC01724.JPG', 'invites', 'mairie', 'tagged'),
(44, 'mariage/mairie/DSC01727.JPG', 'invites', 'mairie', 'tagged'),
(45, 'mariage/mairie/DSC01728.JPG', 'invites', 'mairie', 'tagged'),
(46, 'mariage/mairie/DSC01733.JPG', 'invites', 'mairie', 'tagged'),
(47, 'mariage/mairie/DSC01734.JPG', 'invites', 'mairie', 'tagged'),
(48, 'mariage/mairie/DSC01736.JPG', 'invites', 'mairie', 'tagged'),
(49, 'mariage/mairie/DSC01738.JPG', 'invites', 'mairie', 'tagged'),
(50, 'mariage/mairie/DSC01739.JPG', 'invites', 'mairie', 'tagged'),
(51, 'mariage/mairie/DSC01741.JPG', 'invites', 'mairie', 'tagged'),
(52, 'mariage/mairie/DSC01742.JPG', 'invites', 'mairie', 'tagged'),
(53, 'mariage/mairie/DSC01743.JPG', 'invites', 'mairie', 'tagged'),
(54, 'mariage/mairie/DSC01745.JPG', 'invites', 'mairie', 'tagged'),
(55, 'mariage/mairie/DSC01746.JPG', 'invites', 'mairie', 'tagged'),
(56, 'mariage/mairie/DSC01749.JPG', 'invites', 'mairie', 'tagged'),
(57, 'mariage/mairie/DSC01750.JPG', 'invites', 'mairie', 'tagged'),
(58, 'mariage/mairie/DSC01753.JPG', 'invites', 'mairie', 'tagged'),
(59, 'mariage/mairie/DSC01755.JPG', 'invites', 'mairie', 'tagged'),
(60, 'mariage/mairie/DSC01759.JPG', 'invites', 'mairie', 'tagged'),
(61, 'mariage/mairie/DSC01761.JPG', 'invites', 'mairie', 'tagged'),
(62, 'mariage/mairie/DSC01762.JPG', 'invites', 'mairie', 'tagged'),
(63, 'mariage/mairie/DSC01764.JPG', 'invites', 'mairie', 'tagged'),
(64, 'mariage/mairie/DSC03885.JPG', 'invites', 'mairie', 'tagged'),
(65, 'mariage/mairie/DSC03886.JPG', 'invites', 'mairie', 'tagged'),
(66, 'mariage/mairie/DSC03888.JPG', 'invites', 'mairie', 'tagged'),
(67, 'mariage/mairie/DSC03889.JPG', 'invites', 'mairie', 'tagged'),
(68, 'mariage/mairie/DSC03891.JPG', 'invites', 'mairie', 'tagged'),
(69, 'mariage/mairie/DSC03892.JPG', 'invites', 'mairie', 'tagged'),
(70, 'mariage/mairie/DSC03893.JPG', 'invites', 'mairie', 'tagged'),
(71, 'mariage/mairie/DSC03894.JPG', 'invites', 'mairie', 'tagged'),
(72, 'mariage/mairie/DSC03896.JPG', 'invites', 'mairie', 'tagged'),
(73, 'mariage/mairie/IMG_1704.JPG', 'invites', 'mairie', 'tagged'),
(74, 'mariage/mairie/IMG_1705.JPG', 'invites', 'mairie', 'tagged'),
(75, 'mariage/mairie/IMG_1706.JPG', 'invites', 'mairie', 'tagged'),
(76, 'mariage/mairie/IMG_1707.JPG', 'invites', 'mairie', 'tagged'),
(77, 'mariage/mairie/IMG_1710.JPG', 'invites', 'mairie', 'tagged'),
(78, 'mariage/mairie/IMG_1711.JPG', 'invites', 'mairie', 'tagged'),
(79, 'mariage/mairie/IMG_2043.JPG', 'invites', 'mairie', 'tagged'),
(80, 'mariage/mairie/IMG_2045.JPG', 'invites', 'mairie', 'tagged'),
(81, 'mariage/mairie/IMG_2051.JPG', 'invites', 'mairie', 'tagged'),
(82, 'mariage/mairie/IMG_2053.JPG', 'invites', 'mairie', 'tagged'),
(83, 'mariage/mairie/IMG_2055.JPG', 'invites', 'mairie', 'tagged'),
(84, 'mariage/mairie/IMG_2056.JPG', 'invites', 'mairie', 'tagged'),
(85, 'mariage/mairie/IMG_2060.JPG', 'invites', 'mairie', 'tagged'),
(86, 'mariage/mairie/IMG_2063.JPG', 'invites', 'mairie', 'tagged'),
(87, 'mariage/mairie/IMG_2065.JPG', 'invites', 'mairie', 'tagged'),
(88, 'mariage/mairie/IMG_2066.JPG', 'invites', 'mairie', 'tagged'),
(89, 'mariage/mairie/IMG_2069.JPG', 'invites', 'mairie', 'tagged'),
(90, 'mariage/mairie/IMG_2072.JPG', 'invites', 'mairie', 'tagged'),
(91, 'mariage/mairie/IMG_2082.JPG', 'invites', 'mairie', 'tagged'),
(92, 'mariage/mairie/IMG_2086.JPG', 'invites', 'mairie', 'tagged'),
(93, 'mariage/mairie/IMG_2088.JPG', 'invites', 'mairie', 'tagged'),
(94, 'mariage/mairie/IMG_2090.JPG', 'invites', 'mairie', 'tagged'),
(95, 'mariage/mairie/IMG_3219.JPG', 'invites', 'mairie', 'tagged'),
(96, 'mariage/mairie/IMG_3220.JPG', 'invites', 'mairie', 'tagged'),
(97, 'mariage/mairie/IMG_3221.JPG', 'invites', 'mairie', 'tagged'),
(98, 'mariage/mairie/IMG_3320.JPG', 'invites', 'mairie', 'tagged'),
(99, 'mariage/mairie/IMG_3321.JPG', 'invites', 'mairie', 'tagged'),
(100, 'mariage/mairie/IMG_3322.JPG', 'invites', 'mairie', 'tagged'),
(101, 'mariage/mairie/IMG_3323.JPG', 'invites', 'mairie', 'tagged'),
(102, 'mariage/mairie/IMG_3325.JPG', 'invites', 'mairie', 'tagged'),
(103, 'mariage/mairie/IMG_3326.JPG', 'invites', 'mairie', 'tagged'),
(104, 'mariage/mairie/IMG_3328.JPG', 'invites', 'mairie', 'tagged'),
(105, 'mariage/mairie/IMG_3329.JPG', 'invites', 'mairie', 'tagged'),
(106, 'mariage/mairie/IMG_3333.JPG', 'invites', 'mairie', 'tagged'),
(107, 'mariage/mairie/IMG_3336.JPG', 'invites', 'mairie', 'not_tagged'),
(108, 'mariage/mairie/IMG_3341.JPG', 'invites', 'mairie', 'not_tagged'),
(109, 'mariage/mairie/IMG_3343.JPG', 'invites', 'mairie', 'not_tagged'),
(110, 'mariage/mairie/IMG_3344.JPG', 'invites', 'mairie', 'not_tagged'),
(111, 'mariage/mairie/IMG_3345.JPG', 'invites', 'mairie', 'not_tagged'),
(112, 'mariage/mairie/IMG_3346.JPG', 'invites', 'mairie', 'not_tagged'),
(113, 'mariage/mairie/IMG_3349.JPG', 'invites', 'mairie', 'not_tagged'),
(114, 'mariage/mairie/IMG_3353.JPG', 'invites', 'mairie', 'not_tagged'),
(115, 'mariage/mairie/IMG_3354.JPG', 'invites', 'mairie', 'not_tagged'),
(116, 'mariage/mairie/IMG_3357.JPG', 'invites', 'mairie', 'not_tagged'),
(117, 'mariage/mairie/IMG_3359.JPG', 'invites', 'mairie', 'not_tagged'),
(118, 'mariage/mairie/IMG_3360.JPG', 'invites', 'mairie', 'not_tagged'),
(119, 'mariage/mairie/IMG_3361.JPG', 'invites', 'mairie', 'not_tagged'),
(120, 'mariage/mairie/IMG_3363.JPG', 'invites', 'mairie', 'not_tagged'),
(121, 'mariage/mairie/IMG_3366.JPG', 'invites', 'mairie', 'not_tagged'),
(122, 'mariage/mairie/IMG_3367.JPG', 'invites', 'mairie', 'not_tagged'),
(123, 'mariage/mairie/IMG_3516.JPG', 'invites', 'mairie', 'not_tagged'),
(124, 'mariage/mairie/IMG_5503.JPG', 'invites', 'mairie', 'not_tagged'),
(125, 'mariage/mairie/IMG_5509.JPG', 'invites', 'mairie', 'not_tagged'),
(126, 'mariage/mairie/IMG_5521.JPG', 'invites', 'mairie', 'not_tagged'),
(127, 'mariage/mairie/IMG_5524.JPG', 'invites', 'mairie', 'not_tagged'),
(128, 'mariage/mairie/IMG_5525.JPG', 'invites', 'mairie', 'not_tagged'),
(129, 'mariage/mairie/IMG_5526.JPG', 'invites', 'mairie', 'not_tagged'),
(130, 'mariage/mairie/IMG_5528.JPG', 'invites', 'mairie', 'not_tagged'),
(131, 'mariage/mairie/IMG_5529.JPG', 'invites', 'mairie', 'not_tagged'),
(132, 'mariage/mairie/IMG_5530.JPG', 'invites', 'mairie', 'not_tagged'),
(133, 'mariage/mairie/IMG_5533.JPG', 'invites', 'mairie', 'not_tagged'),
(134, 'mariage/mairie/IMG_5535.JPG', 'invites', 'mairie', 'not_tagged'),
(135, 'mariage/mairie/IMG_5536.JPG', 'invites', 'mairie', 'not_tagged'),
(136, 'mariage/mairie/IMG_5539.JPG', 'invites', 'mairie', 'not_tagged'),
(137, 'mariage/mairie/IMG_5540.JPG', 'invites', 'mairie', 'not_tagged'),
(138, 'mariage/mairie/IMG_5758.JPG', 'invites', 'mairie', 'not_tagged'),
(139, 'mariage/mairie/P1190267.JPG', 'invites', 'mairie', 'not_tagged'),
(140, 'mariage/mairie/P1190270.JPG', 'invites', 'mairie', 'not_tagged'),
(141, 'mariage/mairie/P1190271.JPG', 'invites', 'mairie', 'not_tagged'),
(142, 'mariage/mairie/P1190274.JPG', 'invites', 'mairie', 'not_tagged'),
(143, 'mariage/mairie/P1190276.JPG', 'invites', 'mairie', 'not_tagged'),
(144, 'mariage/mairie/P1190278.JPG', 'invites', 'mairie', 'not_tagged'),
(145, 'mariage/mairie/P1190280.JPG', 'invites', 'mairie', 'not_tagged'),
(146, 'mariage/mairie/P1190281.JPG', 'invites', 'mairie', 'not_tagged'),
(147, 'mariage/mairie/P1190284.JPG', 'invites', 'mairie', 'not_tagged'),
(148, 'mariage/mairie/P1190286.JPG', 'invites', 'mairie', 'not_tagged'),
(149, 'mariage/mairie/P1190288.JPG', 'invites', 'mairie', 'not_tagged'),
(150, 'mariage/mairie/P1190289.JPG', 'invites', 'mairie', 'not_tagged'),
(151, 'mariage/mairie/P1190290.JPG', 'invites', 'mairie', 'not_tagged'),
(152, 'mariage/mairie/P1190291.JPG', 'invites', 'mairie', 'not_tagged'),
(153, 'mariage/mairie/P1190292.JPG', 'invites', 'mairie', 'not_tagged'),
(154, 'mariage/mairie/P1190294.JPG', 'invites', 'mairie', 'not_tagged'),
(155, 'mariage/mairie/P1190297.JPG', 'invites', 'mairie', 'not_tagged'),
(156, 'mariage/mairie/P1190298.JPG', 'invites', 'mairie', 'not_tagged'),
(157, 'mariage/mairie/P1190300.JPG', 'invites', 'mairie', 'not_tagged'),
(158, 'mariage/mairie/P1190301.JPG', 'invites', 'mairie', 'not_tagged'),
(159, 'mariage/mairie/P1190302.JPG', 'invites', 'mairie', 'not_tagged'),
(160, 'mariage/mairie/P1190303.JPG', 'invites', 'mairie', 'not_tagged'),
(161, 'mariage/mairie/P1190306.JPG', 'invites', 'mairie', 'not_tagged'),
(162, 'mariage/mairie/P1190307.JPG', 'invites', 'mairie', 'not_tagged'),
(163, 'mariage/mairie/P1190308.JPG', 'invites', 'mairie', 'not_tagged'),
(164, 'mariage/mairie/P1190309.JPG', 'invites', 'mairie', 'not_tagged'),
(165, 'mariage/mairie/P1190310.JPG', 'invites', 'mairie', 'not_tagged'),
(166, 'mariage/mairie/P1190311.JPG', 'invites', 'mairie', 'not_tagged'),
(167, 'mariage/mairie/P1190312.JPG', 'invites', 'mairie', 'not_tagged'),
(168, 'mariage/mairie/P1190314.JPG', 'invites', 'mairie', 'not_tagged'),
(169, 'mariage/mairie/P1190315.JPG', 'invites', 'mairie', 'not_tagged'),
(170, 'mariage/mairie/P1190316.JPG', 'invites', 'mairie', 'not_tagged'),
(171, 'mariage/mairie/P1190317.JPG', 'invites', 'mairie', 'not_tagged'),
(172, 'mariage/mairie/P1190318.JPG', 'invites', 'mairie', 'not_tagged'),
(173, 'mariage/mairie/P1190319.JPG', 'invites', 'mairie', 'not_tagged'),
(174, 'mariage/mairie/received_10216850145708787.jpeg', 'invites', 'mairie', 'not_tagged'),
(175, 'mariage/mairie/received_10216850146108797.jpeg', 'invites', 'mairie', 'not_tagged'),
(176, 'mariage/mairie/received_10216850151188924.jpeg', 'invites', 'mairie', 'not_tagged'),
(177, 'mariage/mairie/received_1815979128490872.jpeg', 'invites', 'mairie', 'not_tagged'),
(178, 'mariage/vin_honneur/178.jpg', 'invites', 'vin_honneur', 'not_tagged'),
(179, 'mariage/vin_honneur/179.jpg', 'invites', 'vin_honneur', 'not_tagged'),
(180, 'mariage/vin_honneur/180.jpg', 'invites', 'vin_honneur', 'not_tagged'),
(181, 'mariage/vin_honneur/181.jpg', 'invites', 'vin_honneur', 'not_tagged'),
(182, 'mariage/vin_honneur/182.jpg', 'invites', 'vin_honneur', 'not_tagged'),
(183, 'mariage/vin_honneur/183.jpg', 'invites', 'vin_honneur', 'not_tagged'),
(184, 'mariage/vin_honneur/184.jpg', 'invites', 'vin_honneur', 'not_tagged'),
(185, 'mariage/vin_honneur/185.jpg', 'invites', 'vin_honneur', 'not_tagged'),
(186, 'mariage/vin_honneur/186.jpg', 'invites', 'vin_honneur', 'not_tagged'),
(187, 'mariage/vin_honneur/187.jpg', 'invites', 'vin_honneur', 'not_tagged'),
(188, 'mariage/vin_honneur/188.jpg', 'invites', 'vin_honneur', 'not_tagged'),
(189, 'mariage/vin_honneur/189.jpg', 'invites', 'vin_honneur', 'not_tagged'),
(190, 'mariage/vin_honneur/190.jpg', 'invites', 'vin_honneur', 'not_tagged'),
(191, 'mariage/vin_honneur/191.jpg', 'invites', 'vin_honneur', 'not_tagged'),
(192, 'mariage/vin_honneur/192.jpg', 'invites', 'vin_honneur', 'not_tagged'),
(193, 'mariage/vin_honneur/193.jpg', 'invites', 'vin_honneur', 'not_tagged'),
(194, 'mariage/vin_honneur/194.jpg', 'invites', 'vin_honneur', 'not_tagged'),
(195, 'mariage/vin_honneur/195.jpg', 'invites', 'vin_honneur', 'not_tagged'),
(196, 'mariage/vin_honneur/196.jpg', 'invites', 'vin_honneur', 'not_tagged'),
(197, 'mariage/vin_honneur/197.jpg', 'invites', 'vin_honneur', 'not_tagged'),
(198, 'mariage/vin_honneur/198.jpg', 'invites', 'vin_honneur', 'not_tagged'),
(199, 'mariage/vin_honneur/199.jpg', 'invites', 'vin_honneur', 'not_tagged'),
(200, 'mariage/vin_honneur/200.jpg', 'invites', 'vin_honneur', 'not_tagged'),
(201, 'mariage/vin_honneur/201.jpg', 'invites', 'vin_honneur', 'not_tagged'),
(202, 'mariage/vin_honneur/202.jpg', 'invites', 'vin_honneur', 'not_tagged'),
(203, 'mariage/vin_honneur/203.jpg', 'invites', 'vin_honneur', 'not_tagged'),
(204, 'mariage/vin_honneur/204.jpg', 'invites', 'vin_honneur', 'not_tagged'),
(205, 'mariage/vin_honneur/205.jpg', 'invites', 'vin_honneur', 'not_tagged'),
(206, 'mariage/vin_honneur/206.jpg', 'invites', 'vin_honneur', 'not_tagged'),
(207, 'mariage/vin_honneur/207.jpg', 'invites', 'vin_honneur', 'not_tagged'),
(208, 'mariage/vin_honneur/208.jpg', 'invites', 'vin_honneur', 'not_tagged'),
(209, 'mariage/vin_honneur/209.jpg', 'invites', 'vin_honneur', 'not_tagged'),
(210, 'mariage/vin_honneur/210.jpg', 'invites', 'vin_honneur', 'not_tagged'),
(211, 'mariage/vin_honneur/211.jpg', 'invites', 'vin_honneur', 'not_tagged'),
(212, 'mariage/vin_honneur/212.jpg', 'invites', 'vin_honneur', 'not_tagged'),
(213, 'mariage/vin_honneur/213.jpg', 'invites', 'vin_honneur', 'not_tagged'),
(214, 'mariage/vin_honneur/214.jpg', 'invites', 'vin_honneur', 'not_tagged'),
(215, 'mariage/vin_honneur/215.jpg', 'invites', 'vin_honneur', 'not_tagged'),
(216, 'mariage/vin_honneur/216.jpg', 'invites', 'vin_honneur', 'not_tagged'),
(217, 'mariage/vin_honneur/217.jpg', 'invites', 'vin_honneur', 'not_tagged'),
(218, 'mariage/vin_honneur/218.jpg', 'invites', 'vin_honneur', 'not_tagged'),
(219, 'mariage/vin_honneur/219.jpg', 'invites', 'vin_honneur', 'not_tagged'),
(220, 'mariage/vin_honneur/220.jpg', 'invites', 'vin_honneur', 'not_tagged'),
(221, 'mariage/vin_honneur/221.jpg', 'invites', 'vin_honneur', 'not_tagged'),
(222, 'mariage/vin_honneur/222.jpg', 'invites', 'vin_honneur', 'not_tagged'),
(223, 'mariage/vin_honneur/223.jpg', 'invites', 'vin_honneur', 'not_tagged'),
(224, 'mariage/vin_honneur/224.jpg', 'invites', 'vin_honneur', 'not_tagged'),
(225, 'mariage/vin_honneur/225.jpg', 'invites', 'vin_honneur', 'not_tagged'),
(226, 'mariage/vin_honneur/226.jpg', 'invites', 'vin_honneur', 'not_tagged'),
(227, 'mariage/vin_honneur/227.jpg', 'invites', 'vin_honneur', 'not_tagged'),
(228, 'mariage/vin_honneur/228.jpg', 'invites', 'vin_honneur', 'not_tagged'),
(229, 'mariage/vin_honneur/229.jpg', 'invites', 'vin_honneur', 'not_tagged'),
(230, 'mariage/vin_honneur/230.jpg', 'invites', 'vin_honneur', 'not_tagged'),
(231, 'mariage/vin_honneur/231.jpg', 'invites', 'vin_honneur', 'not_tagged'),
(232, 'mariage/vin_honneur/232.jpg', 'invites', 'vin_honneur', 'not_tagged'),
(233, 'mariage/vin_honneur/233.jpg', 'invites', 'vin_honneur', 'not_tagged'),
(234, 'mariage/vin_honneur/234.jpg', 'invites', 'vin_honneur', 'not_tagged'),
(235, 'mariage/vin_honneur/235.jpg', 'invites', 'vin_honneur', 'not_tagged'),
(236, 'mariage/vin_honneur/236.jpg', 'invites', 'vin_honneur', 'not_tagged'),
(237, 'mariage/vin_honneur/237.jpg', 'invites', 'vin_honneur', 'not_tagged'),
(238, 'mariage/vin_honneur/238.jpg', 'invites', 'vin_honneur', 'not_tagged'),
(239, 'mariage/vin_honneur/239.jpg', 'invites', 'vin_honneur', 'not_tagged'),
(240, 'mariage/vin_honneur/240.jpg', 'invites', 'vin_honneur', 'not_tagged'),
(241, 'mariage/vin_honneur/241.jpg', 'invites', 'vin_honneur', 'not_tagged'),
(242, 'mariage/vin_honneur/242.jpg', 'invites', 'vin_honneur', 'not_tagged'),
(243, 'mariage/vin_honneur/243.jpg', 'invites', 'vin_honneur', 'not_tagged'),
(244, 'mariage/vin_honneur/244.jpg', 'invites', 'vin_honneur', 'not_tagged'),
(245, 'mariage/vin_honneur/245.jpg', 'invites', 'vin_honneur', 'not_tagged'),
(246, 'mariage/vin_honneur/246.jpg', 'invites', 'vin_honneur', 'not_tagged'),
(247, 'mariage/vin_honneur/247.jpg', 'invites', 'vin_honneur', 'not_tagged'),
(248, 'mariage/vin_honneur/248.jpg', 'invites', 'vin_honneur', 'not_tagged'),
(249, 'mariage/vin_honneur/249.jpg', 'invites', 'vin_honneur', 'not_tagged'),
(250, 'mariage/vin_honneur/250.jpg', 'invites', 'vin_honneur', 'not_tagged'),
(251, 'mariage/vin_honneur/251.jpg', 'invites', 'vin_honneur', 'not_tagged'),
(252, 'mariage/vin_honneur/252.jpg', 'invites', 'vin_honneur', 'not_tagged'),
(253, 'mariage/vin_honneur/253.jpg', 'invites', 'vin_honneur', 'not_tagged'),
(254, 'mariage/vin_honneur/254.jpg', 'invites', 'vin_honneur', 'not_tagged'),
(255, 'mariage/vin_honneur/255.jpg', 'invites', 'vin_honneur', 'not_tagged'),
(256, 'mariage/vin_honneur/256.jpg', 'invites', 'vin_honneur', 'not_tagged'),
(257, 'mariage/vin_honneur/257.jpg', 'invites', 'vin_honneur', 'not_tagged'),
(258, 'mariage/vin_honneur/258.jpg', 'invites', 'vin_honneur', 'not_tagged'),
(259, 'mariage/vin_honneur/259.jpg', 'invites', 'vin_honneur', 'not_tagged'),
(260, 'mariage/vin_honneur/260.jpg', 'invites', 'vin_honneur', 'not_tagged'),
(261, 'mariage/vin_honneur/261.jpg', 'invites', 'vin_honneur', 'not_tagged'),
(262, 'mariage/vin_honneur/262.jpg', 'invites', 'vin_honneur', 'not_tagged'),
(263, 'mariage/vin_honneur/263.jpg', 'invites', 'vin_honneur', 'not_tagged'),
(264, 'mariage/vin_honneur/264.jpg', 'invites', 'vin_honneur', 'not_tagged'),
(265, 'mariage/vin_honneur/265.jpg', 'invites', 'vin_honneur', 'not_tagged'),
(266, 'mariage/vin_honneur/266.jpg', 'invites', 'vin_honneur', 'not_tagged'),
(267, 'mariage/vin_honneur/267.jpg', 'invites', 'vin_honneur', 'not_tagged'),
(268, 'mariage/vin_honneur/268.jpg', 'invites', 'vin_honneur', 'not_tagged'),
(269, 'mariage/vin_honneur/269.jpg', 'invites', 'vin_honneur', 'not_tagged'),
(270, 'mariage/vin_honneur/270.jpg', 'invites', 'vin_honneur', 'not_tagged'),
(271, 'mariage/salle/271.jpg', 'invites', 'salle', 'not_tagged'),
(272, 'mariage/salle/272.jpg', 'invites', 'salle', 'not_tagged'),
(273, 'mariage/salle/273.jpg', 'invites', 'salle', 'not_tagged'),
(274, 'mariage/salle/274.jpg', 'invites', 'salle', 'not_tagged'),
(275, 'mariage/salle/275.jpg', 'invites', 'salle', 'not_tagged'),
(276, 'mariage/salle/276.jpg', 'invites', 'salle', 'not_tagged'),
(277, 'mariage/salle/277.jpg', 'invites', 'salle', 'not_tagged'),
(278, 'mariage/salle/278.jpg', 'invites', 'salle', 'not_tagged'),
(279, 'mariage/salle/279.jpg', 'invites', 'salle', 'not_tagged'),
(280, 'mariage/salle/280.jpg', 'invites', 'salle', 'not_tagged'),
(281, 'mariage/salle/281.jpg', 'invites', 'salle', 'not_tagged'),
(282, 'mariage/salle/282.jpg', 'invites', 'salle', 'not_tagged'),
(283, 'mariage/salle/283.jpg', 'invites', 'salle', 'not_tagged'),
(284, 'mariage/salle/284.jpg', 'invites', 'salle', 'not_tagged'),
(285, 'mariage/salle/285.jpg', 'invites', 'salle', 'not_tagged'),
(286, 'mariage/salle/286.jpg', 'invites', 'salle', 'not_tagged'),
(287, 'mariage/salle/287.jpg', 'invites', 'salle', 'not_tagged'),
(288, 'mariage/salle/288.jpg', 'invites', 'salle', 'not_tagged'),
(289, 'mariage/salle/289.jpg', 'invites', 'salle', 'not_tagged'),
(290, 'mariage/salle/290.jpg', 'invites', 'salle', 'not_tagged'),
(291, 'mariage/salle/291.jpg', 'invites', 'salle', 'not_tagged'),
(292, 'mariage/salle/292.jpg', 'invites', 'salle', 'not_tagged'),
(293, 'mariage/salle/293.jpg', 'invites', 'salle', 'not_tagged'),
(294, 'mariage/salle/294.jpg', 'invites', 'salle', 'not_tagged'),
(295, 'mariage/salle/295.jpg', 'invites', 'salle', 'not_tagged'),
(296, 'mariage/salle/296.jpg', 'invites', 'salle', 'not_tagged'),
(297, 'mariage/salle/297.jpg', 'invites', 'salle', 'not_tagged'),
(298, 'mariage/salle/298.jpg', 'invites', 'salle', 'not_tagged'),
(299, 'mariage/salle/299.jpg', 'invites', 'salle', 'not_tagged'),
(300, 'mariage/salle/300.jpg', 'invites', 'salle', 'not_tagged'),
(301, 'mariage/salle/301.jpg', 'invites', 'salle', 'not_tagged'),
(302, 'mariage/salle/302.jpg', 'invites', 'salle', 'not_tagged'),
(303, 'mariage/salle/303.jpg', 'invites', 'salle', 'not_tagged'),
(304, 'mariage/salle/304.jpg', 'invites', 'salle', 'not_tagged'),
(305, 'mariage/salle/305.jpg', 'invites', 'salle', 'not_tagged'),
(306, 'mariage/salle/306.jpg', 'invites', 'salle', 'not_tagged'),
(307, 'mariage/salle/307.jpg', 'invites', 'salle', 'not_tagged'),
(308, 'mariage/salle/308.jpg', 'invites', 'salle', 'not_tagged'),
(309, 'mariage/salle/309.jpg', 'invites', 'salle', 'not_tagged'),
(310, 'mariage/salle/310.jpg', 'invites', 'salle', 'not_tagged'),
(311, 'mariage/salle/311.jpg', 'invites', 'salle', 'not_tagged'),
(312, 'mariage/salle/312.jpg', 'invites', 'salle', 'not_tagged'),
(313, 'mariage/salle/313.jpg', 'invites', 'salle', 'not_tagged'),
(314, 'mariage/salle/314.jpg', 'invites', 'salle', 'not_tagged'),
(315, 'mariage/salle/315.jpg', 'invites', 'salle', 'not_tagged'),
(316, 'mariage/salle/316.jpg', 'invites', 'salle', 'not_tagged'),
(317, 'mariage/salle/317.jpg', 'invites', 'salle', 'not_tagged'),
(318, 'mariage/salle/318.jpg', 'invites', 'salle', 'not_tagged'),
(319, 'mariage/salle/319.jpg', 'invites', 'salle', 'not_tagged'),
(320, 'mariage/salle/320.jpg', 'invites', 'salle', 'not_tagged'),
(321, 'mariage/salle/321.jpg', 'invites', 'salle', 'not_tagged'),
(322, 'mariage/salle/322.jpg', 'invites', 'salle', 'not_tagged'),
(323, 'mariage/salle/323.jpg', 'invites', 'salle', 'not_tagged'),
(324, 'mariage/salle/324.jpg', 'invites', 'salle', 'not_tagged'),
(325, 'mariage/salle/325.jpg', 'invites', 'salle', 'not_tagged'),
(326, 'mariage/salle/326.jpg', 'invites', 'salle', 'not_tagged'),
(327, 'mariage/salle/327.jpg', 'invites', 'salle', 'not_tagged'),
(328, 'mariage/salle/328.jpg', 'invites', 'salle', 'not_tagged'),
(329, 'mariage/salle/329.jpg', 'invites', 'salle', 'not_tagged'),
(330, 'mariage/salle/330.jpg', 'invites', 'salle', 'not_tagged'),
(331, 'mariage/salle/331.jpg', 'invites', 'salle', 'not_tagged'),
(332, 'mariage/salle/332.jpg', 'invites', 'salle', 'not_tagged'),
(333, 'mariage/salle/333.jpg', 'invites', 'salle', 'not_tagged'),
(334, 'mariage/salle/334.jpg', 'invites', 'salle', 'not_tagged'),
(335, 'mariage/salle/335.jpg', 'invites', 'salle', 'not_tagged'),
(336, 'mariage/salle/336.jpg', 'invites', 'salle', 'not_tagged'),
(337, 'mariage/salle/337.jpg', 'invites', 'salle', 'not_tagged'),
(338, 'mariage/salle/338.jpg', 'invites', 'salle', 'not_tagged'),
(339, 'mariage/salle/339.jpg', 'invites', 'salle', 'not_tagged'),
(340, 'mariage/salle/340.jpg', 'invites', 'salle', 'not_tagged'),
(341, 'mariage/salle/341.jpg', 'invites', 'salle', 'not_tagged'),
(342, 'mariage/salle/342.jpg', 'invites', 'salle', 'not_tagged'),
(343, 'mariage/salle/343.jpg', 'invites', 'salle', 'not_tagged'),
(344, 'mariage/salle/344.jpg', 'invites', 'salle', 'not_tagged'),
(345, 'mariage/salle/345.jpg', 'invites', 'salle', 'not_tagged'),
(346, 'mariage/salle/346.jpg', 'invites', 'salle', 'not_tagged'),
(347, 'mariage/salle/347.jpg', 'invites', 'salle', 'not_tagged'),
(348, 'mariage/salle/348.jpg', 'invites', 'salle', 'not_tagged'),
(349, 'mariage/salle/349.jpg', 'invites', 'salle', 'not_tagged'),
(350, 'mariage/salle/350.jpg', 'invites', 'salle', 'not_tagged'),
(351, 'mariage/salle/351.jpg', 'invites', 'salle', 'not_tagged'),
(352, 'mariage/photos_charline/mairie/352.jpg', 'charline', 'mairie', 'not_tagged'),
(353, 'mariage/photos_charline/mairie/353.jpg', 'charline', 'mairie', 'not_tagged'),
(354, 'mariage/photos_charline/mairie/354.jpg', 'charline', 'mairie', 'not_tagged'),
(355, 'mariage/photos_charline/mairie/355.jpg', 'charline', 'mairie', 'not_tagged'),
(356, 'mariage/photos_charline/mairie/356.jpg', 'charline', 'mairie', 'not_tagged'),
(357, 'mariage/photos_charline/mairie/357.jpg', 'charline', 'mairie', 'not_tagged'),
(358, 'mariage/photos_charline/mairie/358.jpg', 'charline', 'mairie', 'not_tagged'),
(359, 'mariage/photos_charline/mairie/359.jpg', 'charline', 'mairie', 'not_tagged'),
(360, 'mariage/photos_charline/mairie/360.jpg', 'charline', 'mairie', 'not_tagged'),
(361, 'mariage/photos_charline/mairie/361.jpg', 'charline', 'mairie', 'not_tagged'),
(362, 'mariage/photos_charline/mairie/362.jpg', 'charline', 'mairie', 'not_tagged'),
(363, 'mariage/photos_charline/mairie/363.jpg', 'charline', 'mairie', 'not_tagged'),
(364, 'mariage/photos_charline/mairie/364.jpg', 'charline', 'mairie', 'not_tagged'),
(365, 'mariage/photos_charline/mairie/365.jpg', 'charline', 'mairie', 'not_tagged'),
(366, 'mariage/photos_charline/mairie/366.jpg', 'charline', 'mairie', 'not_tagged'),
(367, 'mariage/photos_charline/mairie/367.jpg', 'charline', 'mairie', 'not_tagged'),
(368, 'mariage/photos_charline/mairie/368.jpg', 'charline', 'mairie', 'not_tagged'),
(369, 'mariage/photos_charline/mairie/369.jpg', 'charline', 'mairie', 'not_tagged'),
(370, 'mariage/photos_charline/mairie/370.jpg', 'charline', 'mairie', 'not_tagged'),
(371, 'mariage/photos_charline/mairie/371.jpg', 'charline', 'mairie', 'not_tagged'),
(372, 'mariage/photos_charline/mairie/372.jpg', 'charline', 'mairie', 'not_tagged'),
(373, 'mariage/photos_charline/mairie/373.jpg', 'charline', 'mairie', 'not_tagged'),
(374, 'mariage/photos_charline/mairie/374.jpg', 'charline', 'mairie', 'not_tagged'),
(375, 'mariage/photos_charline/mairie/375.jpg', 'charline', 'mairie', 'not_tagged'),
(376, 'mariage/photos_charline/mairie/376.jpg', 'charline', 'mairie', 'not_tagged'),
(377, 'mariage/photos_charline/mairie/377.jpg', 'charline', 'mairie', 'not_tagged'),
(378, 'mariage/photos_charline/mairie/378.jpg', 'charline', 'mairie', 'not_tagged'),
(379, 'mariage/photos_charline/mairie/379.jpg', 'charline', 'mairie', 'not_tagged'),
(380, 'mariage/photos_charline/mairie/380.jpg', 'charline', 'mairie', 'not_tagged'),
(381, 'mariage/photos_charline/mairie/381.jpg', 'charline', 'mairie', 'not_tagged'),
(382, 'mariage/photos_charline/mairie/382.jpg', 'charline', 'mairie', 'not_tagged'),
(383, 'mariage/photos_charline/mairie/383.jpg', 'charline', 'mairie', 'not_tagged'),
(384, 'mariage/photos_charline/mairie/384.jpg', 'charline', 'mairie', 'not_tagged'),
(385, 'mariage/photos_charline/mairie/385.jpg', 'charline', 'mairie', 'not_tagged'),
(386, 'mariage/photos_charline/mairie/386.jpg', 'charline', 'mairie', 'not_tagged'),
(387, 'mariage/photos_charline/mairie/387.jpg', 'charline', 'mairie', 'not_tagged'),
(388, 'mariage/photos_charline/mairie/388.jpg', 'charline', 'mairie', 'not_tagged'),
(389, 'mariage/photos_charline/mairie/389.jpg', 'charline', 'mairie', 'not_tagged'),
(390, 'mariage/photos_charline/mairie/390.jpg', 'charline', 'mairie', 'not_tagged'),
(391, 'mariage/photos_charline/mairie/391.jpg', 'charline', 'mairie', 'not_tagged'),
(392, 'mariage/photos_charline/mairie/392.jpg', 'charline', 'mairie', 'not_tagged'),
(393, 'mariage/photos_charline/mairie/393.jpg', 'charline', 'mairie', 'not_tagged'),
(394, 'mariage/photos_charline/mairie/394.jpg', 'charline', 'mairie', 'not_tagged'),
(395, 'mariage/photos_charline/mairie/395.jpg', 'charline', 'mairie', 'not_tagged'),
(396, 'mariage/photos_charline/mairie/396.jpg', 'charline', 'mairie', 'not_tagged'),
(397, 'mariage/photos_charline/mairie/397.jpg', 'charline', 'mairie', 'not_tagged'),
(398, 'mariage/photos_charline/mairie/398.jpg', 'charline', 'mairie', 'not_tagged'),
(399, 'mariage/photos_charline/mairie/399.jpg', 'charline', 'mairie', 'not_tagged'),
(400, 'mariage/photos_charline/mairie/400.jpg', 'charline', 'mairie', 'not_tagged'),
(401, 'mariage/photos_charline/mairie/401.jpg', 'charline', 'mairie', 'not_tagged'),
(402, 'mariage/photos_charline/mairie/402.jpg', 'charline', 'mairie', 'not_tagged'),
(403, 'mariage/photos_charline/mairie/403.jpg', 'charline', 'mairie', 'not_tagged'),
(404, 'mariage/photos_charline/mairie/404.jpg', 'charline', 'mairie', 'not_tagged'),
(405, 'mariage/photos_charline/mairie/405.jpg', 'charline', 'mairie', 'not_tagged'),
(406, 'mariage/photos_charline/mairie/406.jpg', 'charline', 'mairie', 'not_tagged'),
(407, 'mariage/photos_charline/mairie/407.jpg', 'charline', 'mairie', 'not_tagged'),
(408, 'mariage/photos_charline/mairie/408.jpg', 'charline', 'mairie', 'not_tagged'),
(409, 'mariage/photos_charline/mairie/409.jpg', 'charline', 'mairie', 'not_tagged'),
(410, 'mariage/photos_charline/mairie/410.jpg', 'charline', 'mairie', 'not_tagged'),
(411, 'mariage/photos_charline/mairie/411.jpg', 'charline', 'mairie', 'not_tagged'),
(412, 'mariage/photos_charline/mairie/412.jpg', 'charline', 'mairie', 'not_tagged'),
(413, 'mariage/photos_charline/mairie/413.jpg', 'charline', 'mairie', 'not_tagged'),
(414, 'mariage/photos_charline/mairie/414.jpg', 'charline', 'mairie', 'not_tagged'),
(415, 'mariage/photos_charline/mairie/415.jpg', 'charline', 'mairie', 'not_tagged'),
(416, 'mariage/photos_charline/mairie/416.jpg', 'charline', 'mairie', 'not_tagged'),
(417, 'mariage/photos_charline/mairie/417.jpg', 'charline', 'mairie', 'not_tagged'),
(418, 'mariage/photos_charline/mairie/418.jpg', 'charline', 'mairie', 'not_tagged'),
(419, 'mariage/photos_charline/mairie/419.jpg', 'charline', 'mairie', 'not_tagged'),
(420, 'mariage/photos_charline/mairie/420.jpg', 'charline', 'mairie', 'not_tagged'),
(421, 'mariage/photos_charline/mairie/421.jpg', 'charline', 'mairie', 'not_tagged'),
(422, 'mariage/photos_charline/mairie/422.jpg', 'charline', 'mairie', 'not_tagged'),
(423, 'mariage/photos_charline/mairie/423.jpg', 'charline', 'mairie', 'not_tagged'),
(424, 'mariage/photos_charline/mairie/424.jpg', 'charline', 'mairie', 'not_tagged'),
(425, 'mariage/photos_charline/mairie/425.jpg', 'charline', 'mairie', 'not_tagged'),
(426, 'mariage/photos_charline/mairie/426.jpg', 'charline', 'mairie', 'not_tagged'),
(427, 'mariage/photos_charline/mairie/427.jpg', 'charline', 'mairie', 'not_tagged'),
(428, 'mariage/photos_charline/mairie/428.jpg', 'charline', 'mairie', 'not_tagged'),
(429, 'mariage/photos_charline/mairie/429.jpg', 'charline', 'mairie', 'not_tagged'),
(430, 'mariage/photos_charline/mairie/430.jpg', 'charline', 'mairie', 'not_tagged'),
(431, 'mariage/photos_charline/mairie/431.jpg', 'charline', 'mairie', 'not_tagged'),
(432, 'mariage/photos_charline/mairie/432.jpg', 'charline', 'mairie', 'not_tagged'),
(433, 'mariage/photos_charline/mairie/433.jpg', 'charline', 'mairie', 'not_tagged'),
(434, 'mariage/photos_charline/mairie/434.jpg', 'charline', 'mairie', 'not_tagged'),
(435, 'mariage/photos_charline/mairie/435.jpg', 'charline', 'mairie', 'not_tagged'),
(436, 'mariage/photos_charline/mairie/436.jpg', 'charline', 'mairie', 'not_tagged'),
(437, 'mariage/photos_charline/mairie/437.jpg', 'charline', 'mairie', 'not_tagged'),
(438, 'mariage/photos_charline/mairie/438.jpg', 'charline', 'mairie', 'not_tagged'),
(439, 'mariage/photos_charline/vin_honneur/439.jpg', 'charline', 'vin_honneur', 'not_tagged'),
(440, 'mariage/photos_charline/vin_honneur/440.jpg', 'charline', 'vin_honneur', 'not_tagged'),
(441, 'mariage/photos_charline/vin_honneur/441.jpg', 'charline', 'vin_honneur', 'not_tagged'),
(442, 'mariage/photos_charline/vin_honneur/442.jpg', 'charline', 'vin_honneur', 'not_tagged'),
(443, 'mariage/photos_charline/vin_honneur/443.jpg', 'charline', 'vin_honneur', 'not_tagged'),
(444, 'mariage/photos_charline/vin_honneur/444.jpg', 'charline', 'vin_honneur', 'not_tagged'),
(445, 'mariage/photos_charline/vin_honneur/445.jpg', 'charline', 'vin_honneur', 'not_tagged'),
(446, 'mariage/photos_charline/vin_honneur/446.jpg', 'charline', 'vin_honneur', 'not_tagged'),
(447, 'mariage/photos_charline/vin_honneur/447.jpg', 'charline', 'vin_honneur', 'not_tagged'),
(448, 'mariage/photos_charline/vin_honneur/448.jpg', 'charline', 'vin_honneur', 'not_tagged'),
(449, 'mariage/photos_charline/vin_honneur/449.jpg', 'charline', 'vin_honneur', 'not_tagged'),
(450, 'mariage/photos_charline/vin_honneur/450.jpg', 'charline', 'vin_honneur', 'not_tagged'),
(451, 'mariage/photos_charline/vin_honneur/451.jpg', 'charline', 'vin_honneur', 'not_tagged'),
(452, 'mariage/photos_charline/vin_honneur/452.jpg', 'charline', 'vin_honneur', 'not_tagged'),
(453, 'mariage/photos_charline/vin_honneur/453.jpg', 'charline', 'vin_honneur', 'not_tagged'),
(454, 'mariage/photos_charline/vin_honneur/454.jpg', 'charline', 'vin_honneur', 'not_tagged'),
(455, 'mariage/photos_charline/vin_honneur/455.jpg', 'charline', 'vin_honneur', 'not_tagged'),
(456, 'mariage/photos_charline/vin_honneur/456.jpg', 'charline', 'vin_honneur', 'not_tagged'),
(457, 'mariage/photos_charline/vin_honneur/457.jpg', 'charline', 'vin_honneur', 'not_tagged'),
(458, 'mariage/photos_charline/vin_honneur/458.jpg', 'charline', 'vin_honneur', 'not_tagged'),
(459, 'mariage/photos_charline/vin_honneur/459.jpg', 'charline', 'vin_honneur', 'not_tagged'),
(460, 'mariage/photos_charline/vin_honneur/460.jpg', 'charline', 'vin_honneur', 'not_tagged'),
(461, 'mariage/photos_charline/vin_honneur/461.jpg', 'charline', 'vin_honneur', 'not_tagged'),
(462, 'mariage/photos_charline/vin_honneur/462.jpg', 'charline', 'vin_honneur', 'not_tagged'),
(463, 'mariage/photos_charline/vin_honneur/463.jpg', 'charline', 'vin_honneur', 'not_tagged'),
(464, 'mariage/photos_charline/vin_honneur/464.jpg', 'charline', 'vin_honneur', 'not_tagged'),
(465, 'mariage/photos_charline/vin_honneur/465.jpg', 'charline', 'vin_honneur', 'not_tagged'),
(466, 'mariage/photos_charline/vin_honneur/466.jpg', 'charline', 'vin_honneur', 'not_tagged'),
(467, 'mariage/photos_charline/vin_honneur/467.jpg', 'charline', 'vin_honneur', 'not_tagged'),
(468, 'mariage/photos_charline/vin_honneur/468.jpg', 'charline', 'vin_honneur', 'not_tagged'),
(469, 'mariage/photos_charline/vin_honneur/469.jpg', 'charline', 'vin_honneur', 'not_tagged'),
(470, 'mariage/photos_charline/vin_honneur/470.jpg', 'charline', 'vin_honneur', 'not_tagged'),
(471, 'mariage/photos_charline/vin_honneur/471.jpg', 'charline', 'vin_honneur', 'not_tagged'),
(472, 'mariage/photos_charline/vin_honneur/472.jpg', 'charline', 'vin_honneur', 'not_tagged'),
(473, 'mariage/photos_charline/vin_honneur/473.jpg', 'charline', 'vin_honneur', 'not_tagged'),
(474, 'mariage/photos_charline/vin_honneur/474.jpg', 'charline', 'vin_honneur', 'not_tagged'),
(475, 'mariage/photos_charline/vin_honneur/475.jpg', 'charline', 'vin_honneur', 'not_tagged'),
(476, 'mariage/photos_charline/vin_honneur/476.jpg', 'charline', 'vin_honneur', 'not_tagged'),
(477, 'mariage/photos_charline/vin_honneur/477.jpg', 'charline', 'vin_honneur', 'not_tagged'),
(478, 'mariage/photos_charline/vin_honneur/478.jpg', 'charline', 'vin_honneur', 'not_tagged'),
(479, 'mariage/photos_charline/vin_honneur/479.jpg', 'charline', 'vin_honneur', 'not_tagged'),
(480, 'mariage/photos_charline/vin_honneur/480.jpg', 'charline', 'vin_honneur', 'not_tagged'),
(481, 'mariage/photos_charline/vin_honneur/481.jpg', 'charline', 'vin_honneur', 'not_tagged'),
(482, 'mariage/photos_charline/vin_honneur/482.jpg', 'charline', 'vin_honneur', 'not_tagged'),
(483, 'mariage/photos_charline/vin_honneur/483.jpg', 'charline', 'vin_honneur', 'not_tagged'),
(484, 'mariage/photos_charline/vin_honneur/484.jpg', 'charline', 'vin_honneur', 'not_tagged'),
(485, 'mariage/photos_charline/vin_honneur/485.jpg', 'charline', 'vin_honneur', 'not_tagged'),
(486, 'mariage/photos_charline/vin_honneur/486.jpg', 'charline', 'vin_honneur', 'not_tagged'),
(487, 'mariage/photos_charline/vin_honneur/487.jpg', 'charline', 'vin_honneur', 'not_tagged'),
(488, 'mariage/photos_charline/vin_honneur/488.jpg', 'charline', 'vin_honneur', 'not_tagged'),
(489, 'mariage/photos_charline/vin_honneur/489.jpg', 'charline', 'vin_honneur', 'not_tagged'),
(490, 'mariage/photos_charline/vin_honneur/490.jpg', 'charline', 'vin_honneur', 'not_tagged'),
(491, 'mariage/photos_charline/vin_honneur/491.jpg', 'charline', 'vin_honneur', 'not_tagged'),
(492, 'mariage/photos_charline/vin_honneur/492.jpg', 'charline', 'vin_honneur', 'not_tagged'),
(493, 'mariage/photos_charline/vin_honneur/493.jpg', 'charline', 'vin_honneur', 'not_tagged'),
(494, 'mariage/photos_charline/vin_honneur/494.jpg', 'charline', 'vin_honneur', 'not_tagged'),
(495, 'mariage/photos_charline/vin_honneur/495.jpg', 'charline', 'vin_honneur', 'not_tagged'),
(496, 'mariage/photos_charline/vin_honneur/496.jpg', 'charline', 'vin_honneur', 'not_tagged'),
(497, 'mariage/photos_charline/vin_honneur/497.jpg', 'charline', 'vin_honneur', 'not_tagged'),
(498, 'mariage/photos_charline/vin_honneur/498.jpg', 'charline', 'vin_honneur', 'not_tagged'),
(499, 'mariage/photos_charline/vin_honneur/499.jpg', 'charline', 'vin_honneur', 'not_tagged'),
(500, 'mariage/photos_charline/vin_honneur/500.jpg', 'charline', 'vin_honneur', 'not_tagged'),
(501, 'mariage/photos_charline/vin_honneur/501.jpg', 'charline', 'vin_honneur', 'not_tagged'),
(502, 'mariage/photos_charline/vin_honneur/502.jpg', 'charline', 'vin_honneur', 'not_tagged'),
(503, 'mariage/photos_charline/vin_honneur/503.jpg', 'charline', 'vin_honneur', 'not_tagged'),
(504, 'mariage/photos_charline/vin_honneur/504.jpg', 'charline', 'vin_honneur', 'not_tagged'),
(505, 'mariage/photos_charline/vin_honneur/505.jpg', 'charline', 'vin_honneur', 'not_tagged'),
(506, 'mariage/photos_charline/vin_honneur/506.jpg', 'charline', 'vin_honneur', 'not_tagged'),
(507, 'mariage/photos_charline/vin_honneur/507.jpg', 'charline', 'vin_honneur', 'not_tagged'),
(508, 'mariage/photos_charline/vin_honneur/508.jpg', 'charline', 'vin_honneur', 'not_tagged'),
(509, 'mariage/photos_charline/vin_honneur/509.jpg', 'charline', 'vin_honneur', 'not_tagged'),
(510, 'mariage/photos_charline/vin_honneur/510.jpg', 'charline', 'vin_honneur', 'not_tagged'),
(511, 'mariage/photos_charline/vin_honneur/511.jpg', 'charline', 'vin_honneur', 'not_tagged'),
(512, 'mariage/photos_charline/vin_honneur/512.jpg', 'charline', 'vin_honneur', 'not_tagged'),
(513, 'mariage/photos_charline/vin_honneur/513.jpg', 'charline', 'vin_honneur', 'not_tagged'),
(514, 'mariage/photos_charline/vin_honneur/514.jpg', 'charline', 'vin_honneur', 'not_tagged'),
(515, 'mariage/photos_charline/vin_honneur/515.jpg', 'charline', 'vin_honneur', 'not_tagged'),
(516, 'mariage/photos_charline/vin_honneur/516.jpg', 'charline', 'vin_honneur', 'not_tagged'),
(517, 'mariage/photos_charline/vin_honneur/517.jpg', 'charline', 'vin_honneur', 'not_tagged'),
(518, 'mariage/photos_charline/vin_honneur/518.jpg', 'charline', 'vin_honneur', 'not_tagged'),
(519, 'mariage/photos_charline/vin_honneur/519.jpg', 'charline', 'vin_honneur', 'not_tagged'),
(520, 'mariage/photos_charline/vin_honneur/520.jpg', 'charline', 'vin_honneur', 'not_tagged'),
(521, 'mariage/photos_charline/vin_honneur/521.jpg', 'charline', 'vin_honneur', 'not_tagged'),
(522, 'mariage/photos_charline/vin_honneur/522.jpg', 'charline', 'vin_honneur', 'not_tagged'),
(523, 'mariage/photos_charline/vin_honneur/523.jpg', 'charline', 'vin_honneur', 'not_tagged'),
(524, 'mariage/photos_charline/vin_honneur/524.jpg', 'charline', 'vin_honneur', 'not_tagged'),
(525, 'mariage/photos_charline/vin_honneur/525.jpg', 'charline', 'vin_honneur', 'not_tagged'),
(526, 'mariage/photos_charline/vin_honneur/526.jpg', 'charline', 'vin_honneur', 'not_tagged'),
(527, 'mariage/photos_charline/vin_honneur/527.jpg', 'charline', 'vin_honneur', 'not_tagged'),
(528, 'mariage/photos_charline/vin_honneur/528.jpg', 'charline', 'vin_honneur', 'not_tagged'),
(529, 'mariage/photos_charline/vin_honneur/529.jpg', 'charline', 'vin_honneur', 'not_tagged'),
(530, 'mariage/photos_charline/vin_honneur/530.jpg', 'charline', 'vin_honneur', 'not_tagged'),
(531, 'mariage/photos_charline/vin_honneur/531.jpg', 'charline', 'vin_honneur', 'not_tagged'),
(532, 'mariage/photos_charline/vin_honneur/532.jpg', 'charline', 'vin_honneur', 'not_tagged'),
(533, 'mariage/photos_charline/vin_honneur/533.jpg', 'charline', 'vin_honneur', 'not_tagged'),
(534, 'mariage/photos_charline/vin_honneur/534.jpg', 'charline', 'vin_honneur', 'not_tagged'),
(535, 'mariage/photos_charline/vin_honneur/535.jpg', 'charline', 'vin_honneur', 'not_tagged'),
(536, 'mariage/photos_charline/vin_honneur/536.jpg', 'charline', 'vin_honneur', 'not_tagged'),
(537, 'mariage/photos_charline/vin_honneur/537.jpg', 'charline', 'vin_honneur', 'not_tagged'),
(538, 'mariage/photos_charline/vin_honneur/538.jpg', 'charline', 'vin_honneur', 'not_tagged'),
(539, 'mariage/photos_charline/vin_honneur/539.jpg', 'charline', 'vin_honneur', 'not_tagged'),
(540, 'mariage/photos_charline/vin_honneur/540.jpg', 'charline', 'vin_honneur', 'not_tagged'),
(541, 'mariage/photos_charline/vin_honneur/541.jpg', 'charline', 'vin_honneur', 'not_tagged'),
(542, 'mariage/photos_charline/vin_honneur/542.jpg', 'charline', 'vin_honneur', 'not_tagged'),
(543, 'mariage/photos_charline/vin_honneur/543.jpg', 'charline', 'vin_honneur', 'not_tagged'),
(544, 'mariage/photos_charline/vin_honneur/544.jpg', 'charline', 'vin_honneur', 'not_tagged'),
(545, 'mariage/photos_charline/vin_honneur/545.jpg', 'charline', 'vin_honneur', 'not_tagged'),
(546, 'mariage/photos_charline/vin_honneur/546.jpg', 'charline', 'vin_honneur', 'not_tagged'),
(547, 'mariage/photos_charline/vin_honneur/547.jpg', 'charline', 'vin_honneur', 'not_tagged'),
(548, 'mariage/photos_charline/vin_honneur/548.jpg', 'charline', 'vin_honneur', 'not_tagged'),
(549, 'mariage/photos_charline/vin_honneur/549.jpg', 'charline', 'vin_honneur', 'not_tagged'),
(550, 'mariage/photos_charline/vin_honneur/550.jpg', 'charline', 'vin_honneur', 'not_tagged'),
(551, 'mariage/photos_charline/vin_honneur/551.jpg', 'charline', 'vin_honneur', 'not_tagged'),
(552, 'mariage/photos_charline/vin_honneur/552.jpg', 'charline', 'vin_honneur', 'not_tagged'),
(553, 'mariage/photos_charline/vin_honneur/553.jpg', 'charline', 'vin_honneur', 'not_tagged'),
(554, 'mariage/photos_charline/vin_honneur/554.jpg', 'charline', 'vin_honneur', 'not_tagged'),
(555, 'mariage/photos_charline/vin_honneur/555.jpg', 'charline', 'vin_honneur', 'not_tagged'),
(556, 'mariage/photos_charline/vin_honneur/556.jpg', 'charline', 'vin_honneur', 'not_tagged'),
(557, 'mariage/photos_charline/vin_honneur/557.jpg', 'charline', 'vin_honneur', 'not_tagged'),
(558, 'mariage/photos_charline/vin_honneur/558.jpg', 'charline', 'vin_honneur', 'not_tagged'),
(559, 'mariage/photos_charline/vin_honneur/559.jpg', 'charline', 'vin_honneur', 'not_tagged'),
(560, 'mariage/photos_charline/vin_honneur/560.jpg', 'charline', 'vin_honneur', 'not_tagged'),
(561, 'mariage/photos_charline/vin_honneur/561.jpg', 'charline', 'vin_honneur', 'not_tagged'),
(562, 'mariage/photos_charline/vin_honneur/562.jpg', 'charline', 'vin_honneur', 'not_tagged'),
(563, 'mariage/photos_charline/vin_honneur/563.jpg', 'charline', 'vin_honneur', 'not_tagged'),
(564, 'mariage/photos_charline/vin_honneur/564.jpg', 'charline', 'vin_honneur', 'not_tagged');

-- --------------------------------------------------------

--
-- Structure de la table `visites`
--

CREATE TABLE `visites` (
  `id_nb_visites` int(11) NOT NULL,
  `ip` varchar(255) NOT NULL,
  `compteur` int(11) NOT NULL,
  `date_et_heure` timestamp NOT NULL DEFAULT CURRENT_TIMESTAMP ON UPDATE CURRENT_TIMESTAMP
) ENGINE=InnoDB DEFAULT CHARSET=utf8;

--
-- Déchargement des données de la table `visites`
--

INSERT INTO `visites` (`id_nb_visites`, `ip`, `compteur`, `date_et_heure`) VALUES
(1, '::1', 6, '2018-09-03 18:19:58');

--
-- Index pour les tables déchargées
--

--
-- Index pour la table `invites`
--
ALTER TABLE `invites`
  ADD PRIMARY KEY (`id_invite`);

--
-- Index pour la table `invite_photo`
--
ALTER TABLE `invite_photo`
  ADD PRIMARY KEY (`id_association`);

--
-- Index pour la table `photos`
--
ALTER TABLE `photos`
  ADD PRIMARY KEY (`id_photo`);

--
-- Index pour la table `visites`
--
ALTER TABLE `visites`
  ADD PRIMARY KEY (`id_nb_visites`);

--
-- AUTO_INCREMENT pour les tables déchargées
--

--
-- AUTO_INCREMENT pour la table `invites`
--
ALTER TABLE `invites`
  MODIFY `id_invite` int(11) NOT NULL AUTO_INCREMENT, AUTO_INCREMENT=91;

--
-- AUTO_INCREMENT pour la table `invite_photo`
--
ALTER TABLE `invite_photo`
  MODIFY `id_association` int(11) NOT NULL AUTO_INCREMENT, AUTO_INCREMENT=218;

--
-- AUTO_INCREMENT pour la table `photos`
--
ALTER TABLE `photos`
  MODIFY `id_photo` int(11) NOT NULL AUTO_INCREMENT, AUTO_INCREMENT=565;

--
-- AUTO_INCREMENT pour la table `visites`
--
ALTER TABLE `visites`
  MODIFY `id_nb_visites` int(11) NOT NULL AUTO_INCREMENT, AUTO_INCREMENT=2;
COMMIT;

/*!40101 SET CHARACTER_SET_CLIENT=@OLD_CHARACTER_SET_CLIENT */;
/*!40101 SET CHARACTER_SET_RESULTS=@OLD_CHARACTER_SET_RESULTS */;
/*!40101 SET COLLATION_CONNECTION=@OLD_COLLATION_CONNECTION */;
